name,price,seller_name,seller_years,seller_response_rate,image,link
New private model fashion promotion wireless charging function X6 Pixart PAU1603 wireless Earphone earphone headphone for sports,$12.05-$13.85,Shenzhen Eriwin Technology Limited,11 YRS,,https://s.alicdn.com/@sc01/kf/H6d02bc74346b4c65ac095201bf8c3a0e0.jpg_300x300.jpg,https://www.alibaba.com/product-detail/New-private-model-fashion-promotion-wireless_62393635559.html
The Great Bass Sound Noise Cancelling Headphone,$14.00-$17.00,"Guangzhou Artiste Technology Co., Ltd.",7 YRS,86.1%,https://img.alicdn.com/tfs/TB1S_7kkY5YBuNjSspoXXbeNFXa-700-700.jpg_350x350.jpg,https://www.alibaba.com/product-detail/The-Great-Bass-Sound-Noise-Cancelling_62446550917.html?s=p
Bluetooth Headphone Ear over Ear Comfortable Protein Earpad Matte Finish Premium Rechargeable Bulit-In Mic Foldable Wirele Headphone Headset,$4.70-$6.00,"Shenzhen Zhongxu Electronics Technology Co., Ltd.",7 YRS,91.8%,https://img.alicdn.com/tfs/TB1S_7kkY5YBuNjSspoXXbeNFXa-700-700.jpg_350x350.jpg,https://www.alibaba.com/product-detail/Bluetooth-Headphone-Ear-over-Ear-Comfortable_62282896949.html?s=p
Bluetooth Headphone Earphone in Ear Wireless Earphones Mini in Ear Tws Fone De Ouvido Wireless Bluetooth Handsfree Magnetic Earbud Headphone Earphone Headset,$2.79-$29.99,"Dongguan Youtuo Electronic Technology Co., Ltd.",1 YRS,91.9%,https://img.alicdn.com/tfs/TB1S_7kkY5YBuNjSspoXXbeNFXa-700-700.jpg_350x350.jpg,https://www.alibaba.com/product-detail/Bluetooth-Headphone-Earphone-in-Ear-Wireless_62350522248.html?s=p
3 channel Silent Disco Headphone for silent party with LED lights,$10.00-$30.00,"Shenzhen Go-On Electronics Co., Ltd.",15 YRS,82.3%,https://img.alicdn.com/tfs/TB1S_7kkY5YBuNjSspoXXbeNFXa-700-700.jpg_350x350.jpg,https://www.alibaba.com/product-detail/3-channel-Silent-Disco-Headphone-for_2015692880.html?s=p
True 5.0 i7s i9s i12 Cheap TWS Headset Bluetooth Earbuds Wireless Earphone Headphones,$1.98-$2.98,Shenzhen Hongyanqin Commerce Ltd.,1 YRS,98.0%,https://img.alicdn.com/tfs/TB1S_7kkY5YBuNjSspoXXbeNFXa-700-700.jpg_350x350.jpg,https://www.alibaba.com/product-detail/True-5-0-i7s-i9s-i12_62339592388.html?s=p
Free sample 2019 1:1 original TWS earphone Wireless Earbuds Noise Cancelling Earphones Sports Headphone for iphone 11 pro max,$29.40-$30.60,"Shenzhen Diduikong Technology Development Co., Ltd.",1 YRS,96.3%,https://img.alicdn.com/tfs/TB1S_7kkY5YBuNjSspoXXbeNFXa-700-700.jpg_350x350.jpg,https://www.alibaba.com/product-detail/Free-sample-2019-1-1-original_62392646800.html
"Economic Version i7s TWS Headphones , True Stereo Twins Wireless BT5.0 Earphone tws i7 i7s for promotion free gift",$0.99-$1.99,"Shenzhen Xunjia Technology Co., Ltd.",2 YRS,97.4%,https://img.alicdn.com/tfs/TB1S_7kkY5YBuNjSspoXXbeNFXa-700-700.jpg_350x350.jpg,https://www.alibaba.com/product-detail/Economic-Version-i7s-TWS-Headphones-True_62339834846.html
I12 TWS 2019 Hot Earphone Hands Free touch Control i12 earbuds bluetooths TWS for iphone X auto pairing wireless headphones i12,$4.40-$4.65,"Shenzhen ZTX Technology Co., Ltd.",4 YRS,79.6%,https://s.alicdn.com/@sc01/kf/HTB14ak7aBKw3KVjSZTEq6AuRpXae.jpg_300x300.jpg,https://www.alibaba.com/product-detail/I12-TWS-2019-Hot-Earphone-Hands_62137553239.html
Hot selling high quality multi-color J5 Earphones in-ear Headphones for Samsung all phone compatible stereo earphone,$0.30-$0.40,"Shenzhen Yuehan Electronic Technology Co., Ltd.",2 YRS,40.2%,https://img.alicdn.com/tfs/TB1S_7kkY5YBuNjSspoXXbeNFXa-700-700.jpg_350x350.jpg,https://www.alibaba.com/product-detail/Hot-selling-high-quality-multi-color_60769668278.html
"for iPhone Earphone Headphone , with Microphone Earbuds Stereo Headphones and Noise Isolating In Ear Wired Earphone for iPhone",$1.30-$1.65,"Shenzhen Xinhuifeng Tech Co., Ltd.",3 YRS,72.0%,https://img.alicdn.com/tfs/TB1S_7kkY5YBuNjSspoXXbeNFXa-700-700.jpg_350x350.jpg,https://www.alibaba.com/product-detail/for-iPhone-Earphone-Headphone-with-Microphone_62146672904.html
USAMS YA001 i12 Noise Cancelling In Ear TWS Wireless Earphone & Headphone,$4.80-$6.13,"Shenzhen Youshengshi Technology Co., Ltd.",2 YRS,92.3%,https://img.alicdn.com/tfs/TB1S_7kkY5YBuNjSspoXXbeNFXa-700-700.jpg_350x350.jpg,https://www.alibaba.com/product-detail/USAMS-YA001-i12-Noise-Cancelling-In_62016358028.html
1.2 M Earphones Wired 3.5mm with Mic 1.1M In-ear Stereo headphone for iphone 4/5/6,$0.57-$0.66,"Shenzhen Aominuo Electronic Technology Co., Ltd.",6 YRS,96.7%,https://img.alicdn.com/tfs/TB1S_7kkY5YBuNjSspoXXbeNFXa-700-700.jpg_350x350.jpg,https://www.alibaba.com/product-detail/1-2-M-Earphones-Wired-3_60759542224.html
Free Shipping TOPK Bluetooth Stereo In-Ear Wireless Bass TWS Bluetooth Earphone Headphone Earphone & Headphone,$6.49-$7.99,"Dongguan Chenxun Electronics Co., Ltd.",2 YRS,94.7%,https://img.alicdn.com/tfs/TB1S_7kkY5YBuNjSspoXXbeNFXa-700-700.jpg_350x350.jpg,https://www.alibaba.com/product-detail/Free-Shipping-TOPK-Bluetooth-Stereo-In_60840248133.html
air pro 3 tws airoha 1536u SuperCopy 1:1 original bluetooth wireless earbuds airs pro earphone headphone,$9.99-$34.78,"Shenzhen YoungChan Technology Co., Ltd.",1 YRS,,https://img.alicdn.com/tfs/TB1S_7kkY5YBuNjSspoXXbeNFXa-700-700.jpg_350x350.jpg,https://www.alibaba.com/product-detail/air-pro-3-tws-airoha-1536u_62438057214.html
Mini headphones f9 TWS 5.0 Wireless Earbuds Earphone With 2000mAh Charging Sports Gaming Headset With LED Display headphone,$7.75-$9.48,"Guangzhou Weituoge Electronic Technology Co., Ltd.",3 YRS,94.4%,https://img.alicdn.com/tfs/TB1S_7kkY5YBuNjSspoXXbeNFXa-700-700.jpg_350x350.jpg,https://www.alibaba.com/product-detail/Mini-headphones-f9-TWS-5-0_62325009995.html
"I7S TWS Popular Led Mobile Accessories BT 5.0 Wireless Sterio Earbuds Earphone & Headphone i12, i11",$0.68-$2.92,"Shenzhen Kingsway Technology Co., Ltd.",7 YRS,84.1%,https://s.alicdn.com/@sc01/kf/Hbaffb08ff4074ddb8eeafe277beb46410.jpg_300x300.jpg,https://www.alibaba.com/product-detail/I7S-TWS-Popular-Led-Mobile-Accessories_62287243846.html
for iPhone Universal In Ear Original earphones headphones Wired headset,$0.50,"Guangzhou Youyuan Electronics Technology Co., Ltd.",1 YRS,96.8%,https://img.alicdn.com/tfs/TB1S_7kkY5YBuNjSspoXXbeNFXa-700-700.jpg_350x350.jpg,https://www.alibaba.com/product-detail/for-iPhone-Universal-In-Ear-Original_62413032444.html
New Arrivals 2019 TWS Twins inpods 12 Wireless Earbuds True Noise Cancelling Earphones Sports Headphone,$4.65-$5.20,"Shenzhen CHR Technology Co., Ltd.",2 YRS,96.4%,https://img.alicdn.com/tfs/TB1S_7kkY5YBuNjSspoXXbeNFXa-700-700.jpg_350x350.jpg,https://www.alibaba.com/product-detail/New-Arrivals-2019-TWS-Twins-inpods_62305939811.html
Original i12 TWS Color Wireless Earphone Bluetooth 5.0 Mini Touch Control Earbuds High Quality Sport Headphone Audifonos,$3.59-$3.91,"Shenzhen Comerow Technology Co., Ltd.",9 YRS,90.1%,https://img.alicdn.com/tfs/TB1S_7kkY5YBuNjSspoXXbeNFXa-700-700.jpg_350x350.jpg,https://www.alibaba.com/product-detail/Original-i12-TWS-Color-Wireless-Earphone_62404282335.html
Free Shipping 1.2M 3.5mm Hifi Earphone With Mic FLOVEME Wired Earphone Headphone,$0.36-$2.32,"Shenzhen RCD Technology Co., Ltd.",10 YRS,92.0%,https://img.alicdn.com/tfs/TB1S_7kkY5YBuNjSspoXXbeNFXa-700-700.jpg_350x350.jpg,https://www.alibaba.com/product-detail/Free-Shipping-1-2M-3-5mm_60798587952.html
"Headband wired headset,computer gaming headphone with microphone",$2.20-$2.80,"Shenzhen Hongsound Electronic Co., Ltd.",4 YRS,95.7%,https://img.alicdn.com/tfs/TB1S_7kkY5YBuNjSspoXXbeNFXa-700-700.jpg_350x350.jpg,https://www.alibaba.com/product-detail/Headband-wired-headset-computer-gaming-headphone_60617044174.html
"2019 TWS Wireless Sport Earbuds I7, Bluetooths Headset I7, TWS I7S Headphone I7 Mini Earphone with Good Offer headphones",$1.92-$2.50,"Shenzhen Mocolo Smart Technology Co., Ltd.",3 YRS,95.0%,https://img.alicdn.com/tfs/TB1S_7kkY5YBuNjSspoXXbeNFXa-700-700.jpg_350x350.jpg,https://www.alibaba.com/product-detail/2019-TWS-Wireless-Sport-Earbuds-I7_62053768884.html
2020 Newest Airs Pro 3 TWS Headphones True Wireless Earbuds gaming Blue Tooth 5.0 Earphone For Apple IPhone Android,$9.50-$14.50,"Shenzhen Vidhon Technology Co., Ltd.",3 YRS,90.5%,https://img.alicdn.com/tfs/TB1S_7kkY5YBuNjSspoXXbeNFXa-700-700.jpg_350x350.jpg,https://www.alibaba.com/product-detail/2020-Newest-Airs-Pro-3-TWS_62476365982.html
"I7S TWS Popular Led Mobile Accessories BT 5.0 Wireless Sterio Earbuds Earphone & Headphone i12, i11",$0.68-$2.92,"Shenzhen Kingsway Technology Co., Ltd.",7 YRS,84.1%,https://s.alicdn.com/@sc01/kf/Hbaffb08ff4074ddb8eeafe277beb46410.jpg_300x300.jpg,https://www.alibaba.com/product-detail/I7S-TWS-Popular-Led-Mobile-Accessories_62287243846.html
for iPhone Universal In Ear Original earphones headphones Wired headset,$0.50,"Guangzhou Youyuan Electronics Technology Co., Ltd.",1 YRS,96.8%,https://img.alicdn.com/tfs/TB1S_7kkY5YBuNjSspoXXbeNFXa-700-700.jpg_350x350.jpg,https://www.alibaba.com/product-detail/for-iPhone-Universal-In-Ear-Original_62413032444.html
New Arrivals 2019 TWS Twins inpods 12 Wireless Earbuds True Noise Cancelling Earphones Sports Headphone,$4.65-$5.20,"Shenzhen CHR Technology Co., Ltd.",2 YRS,96.4%,https://img.alicdn.com/tfs/TB1S_7kkY5YBuNjSspoXXbeNFXa-700-700.jpg_350x350.jpg,https://www.alibaba.com/product-detail/New-Arrivals-2019-TWS-Twins-inpods_62305939811.html
GOGU Hot sell i12 Cheap Wireless Headphone Without Wire Tws Earphone with Mic,$4.90-$6.10,"Shenzhen Mantis-Man Technology Co., Ltd.",1 YRS,84.3%,https://img.alicdn.com/tfs/TB1S_7kkY5YBuNjSspoXXbeNFXa-700-700.jpg_350x350.jpg,https://www.alibaba.com/product-detail/GOGU-Hot-sell-i12-Cheap-Wireless_62014750609.html
Performance Professional HIFI backlit gaming headset stereo gaming headset headphones 7.1 with mic,$8.70-$8.90,"Shenzhen Meetion Tech Co., Ltd.",7 YRS,92.7%,https://img.alicdn.com/tfs/TB1S_7kkY5YBuNjSspoXXbeNFXa-700-700.jpg_350x350.jpg,https://www.alibaba.com/product-detail/Performance-Professional-HIFI-backlit-gaming-headset_60804069823.html
New Arrival TWS Air Pro 3 Stereo Wireless Headphone Handsfree Noise Cancelling Bluetooth Earphone,$16.00-$18.00,"LEEGOTECH INDUSTRIAL CO., LTD.",3 YRS,94.1%,https://img.alicdn.com/tfs/TB1S_7kkY5YBuNjSspoXXbeNFXa-700-700.jpg_350x350.jpg,https://www.alibaba.com/product-detail/New-Arrival-TWS-Air-Pro-3_62415475859.html
2019 new arrival 5830 earphones headphone white/black high quality cheapest price earphone,$0.35-$0.85,"Shenzhen YLC Technology Co., Ltd.",4 YRS,94.5%,https://img.alicdn.com/tfs/TB1S_7kkY5YBuNjSspoXXbeNFXa-700-700.jpg_350x350.jpg,https://www.alibaba.com/product-detail/2019-new-arrival-5830-earphones-headphone_62096110219.html
3.5mm Earphones with Mic for Apple iPhone iPad iPod wired headphones,$0.50-$0.85,"Shenzhen Saintshout Trading Co., Ltd.",1 YRS,97.2%,https://img.alicdn.com/tfs/TB1S_7kkY5YBuNjSspoXXbeNFXa-700-700.jpg_350x350.jpg,https://www.alibaba.com/product-detail/3-5mm-Earphones-with-Mic-for_62392596637.html
"I7S TWS Popular Led Mobile Accessories BT 5.0 Wireless Sterio Earbuds Earphone & Headphone i12, i11",$0.68-$2.92,"Shenzhen Kingsway Technology Co., Ltd.",7 YRS,84.1%,https://s.alicdn.com/@sc01/kf/Hbaffb08ff4074ddb8eeafe277beb46410.jpg_300x300.jpg,https://www.alibaba.com/product-detail/I7S-TWS-Popular-Led-Mobile-Accessories_62287243846.html
for iPhone Universal In Ear Original earphones headphones Wired headset,$0.50,"Guangzhou Youyuan Electronics Technology Co., Ltd.",1 YRS,96.8%,https://img.alicdn.com/tfs/TB1S_7kkY5YBuNjSspoXXbeNFXa-700-700.jpg_350x350.jpg,https://www.alibaba.com/product-detail/for-iPhone-Universal-In-Ear-Original_62413032444.html
New Arrivals 2019 TWS Twins inpods 12 Wireless Earbuds True Noise Cancelling Earphones Sports Headphone,$4.65-$5.20,"Shenzhen CHR Technology Co., Ltd.",2 YRS,96.4%,https://img.alicdn.com/tfs/TB1S_7kkY5YBuNjSspoXXbeNFXa-700-700.jpg_350x350.jpg,https://www.alibaba.com/product-detail/New-Arrivals-2019-TWS-Twins-inpods_62305939811.html
Watch Style Portable Mini Earhuds Headset Bluetooth Headphone Hot Selling 2019,$11.00-$12.50,"Shenzhen Focras Tech. Co., Ltd.",1 YRS,87.7%,https://img.alicdn.com/tfs/TB1S_7kkY5YBuNjSspoXXbeNFXa-700-700.jpg_350x350.jpg,https://www.alibaba.com/product-detail/Watch-Style-Portable-Mini-Earhuds-Headset_62300494284.html
2020 Free Sample Newest 1:1 Original Active Noise Cancelling Wireless Headphone Earphone Sports Headset for iphone XS,$12.60-$28.70,"Shenzhen Diduikong Technology Development Co., Ltd.",1 YRS,80.6%,https://img.alicdn.com/tfs/TB1S_7kkY5YBuNjSspoXXbeNFXa-700-700.jpg_350x350.jpg,https://www.alibaba.com/product-detail/2020-Free-Sample-Newest-1-1_62451679818.html
Itop Best Selling Bluetooth 5.0 F9 Wireless Earbuds Waterproof TWS Stereo Headphones Touch Control Headset,$9.52-$10.25,"Shenzhen Ivy Digital Electronics Co., Ltd.",8 YRS,89.1%,https://img.alicdn.com/tfs/TB1S_7kkY5YBuNjSspoXXbeNFXa-700-700.jpg_350x350.jpg,https://www.alibaba.com/product-detail/Itop-Best-Selling-Bluetooth-5-0_62317159812.html
Bluetooth Headphone Wireless Sport Earbuds In-ear Tws Earphone i7s,$2.15-$2.34,"Guangzhou Shen Kang Electronic Technology Co., Ltd.",4 YRS,100.0%,https://img.alicdn.com/tfs/TB1S_7kkY5YBuNjSspoXXbeNFXa-700-700.jpg_350x350.jpg,https://www.alibaba.com/product-detail/Bluetooth-Headphone-Wireless-Sport-Earbuds-In_62498215679.html
high quality mobile phone headphone Factory for iphone 5 6 earphone headphones 3.5mm for Android headphone jack in ear earphones,$0.50-$3.80,"Shenzhen Mileage Communication Co., Ltd.",3 YRS,97.7%,https://img.alicdn.com/tfs/TB1S_7kkY5YBuNjSspoXXbeNFXa-700-700.jpg_350x350.jpg,https://www.alibaba.com/product-detail/high-quality-mobile-phone-headphone-Factory_62066090565.html
